Cluster,Avg_MonetaryValue,Avg_Frequency,Avg_Recency,Count
-3,17147.66383185841,25.86725663716814,14.451327433628318,226
-2,2734.6875471698113,15.037735849056604,23.07547169811321,53
-1,6498.451827411168,7.187817258883249,47.91370558375635,197
0,1308.6246947483587,3.911378555798687,49.725382932166305,914
1,384.5366441241685,1.4290465631929046,251.1651884700665,902
2,417.95420346897936,1.6444296197464976,54.0660440293529,1499
3,2436.0920910931172,7.242914979757085,33.888663967611336,494
